INGI,INGLES I
QUI,QUIMICA INORGANICA
ALL,ALGEBRA LINEAL
PRE,PROBABILIDAD Y ESTADISTICA
OFI,OFIMATICA
FIS,FISICA
ALG,ALGORITMOS
ELM,ELECTRICIDAD Y MAGNETISMO
ADM,ADMINISTRACION
MAD,MATEMATICAS DISCRETAS
MIC,MICROECONOMIA
INF,INTRODUCCION A LAS FINANZAS
MEF,MERCADOTECNIA FINANCIERA
HCA,HERRAMIENTAS COMPUTACIONALES AVANZADAS
INGII,INGLES II
TER,TERMODINAMICA
QUO,QUIMICA ORGANICA
QUA,QUIMICA ANALITICA
MEI,METODOLOGIA DE LA INVESTIGACION
CDI,CALCULO DIFERENCIAL E INTEGRAL
INE,INTELIGENCIA EMOCIONAL
CAV,CALCULO VECTORIAL
PRES,PROGRAMACION ESTRUCTURADA
FUR,FUNDAMENTOS DE REDES
TEP,TECNICAS DE PROGRAMACION
MAC,MACROECONOMIA
INI,INTRODUCCION A LA INGENIERIA
MAF,MATEMATICAS FINANCIERAS
COF,CONTABILIDAD FINANCIERA
ADE,ADMINISTRACION ESTRATEGICA
ANI,ANALISIS INSTRUMENTAL
EQQ,EQUILIBRIO QUIMICO
INGIII,INGLES III
DEI,DESARROLLO INTERPERSONAL
BCM,BIOLOGIA CELULAR Y MOLECULAR
CPB,CALIDAD DEL PRODUCTO BIOTECNOLOGICO
AQC,ANALISIS QUIMICO CUANTITATIVO
ECD,ECUACIONES DIFERENCIALES
INO,INVESTIGACION DE OPERACIONES
POO,PROGRAMACION ORIENTADA A OBJETOS
RED,REDES
SID,SISTEMAS DIGITALES
EOE,EXPRESION ORAL Y ESCRITA
INM,INTRODUCCION A LAS MATEMATICAS
INA,INTRODUCCION A LA ADMINISTRACION
FUC,FUNDAMENTOS DE CONTABILIDAD
HEO,HERRAMIENTAS DE OFIM?TICA
DEC,DERECHO CORPORATIVO
ADF,ADMINISTRACION FINANCIERA
ESF,ESTRUCTURA FINANCIERA
INP,INGENIERIA DEL PRODUCTO
ALO,ASPECTOS LEGALES DE LA ORGANIZACION
INGIV,INGLES IV
INGV,INGLES V
INGVI,INGLES VI
INGVII,INGLES VII
INGVIII,INGLES VIII
INGIX,INGLES IX
HAP,HABILIDADES DEL PENSAMIENTO
MIG,MICROBIOLOGIA GENERAL
AND,ANALISIS DIFERENCIAL
BIM,BIOQUIMICA MICROBIANA
BME,BALANCE DE MATERIA Y ENERGIA
EBIOI,ESTANCIA I
EBIOII,ESTANCIA II
ESBIO,ESTADIA
EFINI,ESTANCIA I
EFINII,ESTANCIA II
ESFIN,ESTADIA
ESOFI,ESTANCIA I
ESOFII,ESTANCIA II
ESSOF,ESTADIA
EPYMI,ESTANCIA I
EPYMII,ESTANCIA II
ESPYM,ESTADIA
HAO,HABILIDADES ORGANIZACIONALES
MIA,MICROBIOLOGIA APLICADA
MEN,METODOS NUMERICOS
GEM,GENETICA MOLECULAR
FMC,FENOMENOS DE TRANSPORTE DE MOMENTO Y CALOR
DIE,DISENO DE EXPERIMENTOS
ETP,ETICA PROFESIONAL
OPU,OPERACIONES UNITARIAS
PIP,PLANEACION E IMPLEMENTACION DE LA PRODUCCION
ING,INGENIERIA GENETICA
FTM,FENOMENOS DE TRANSPORTE DE MASA
INBI,INGENIERIA DE BIOPROCESOS
CEP,CONTROL ESTADISTICO DEL PROCESO
VCP,VERIFICACION Y CONTROL DE LA PRODUCCION
INBII,INGENIERIA DE BIORREACTORES
BMF,BIOTECNOLOGIA MEDICA Y FARMACEUTICA
BIMI,BIOTECNOLOGIA MARINA
BIV,BIOTECNOLOGIA VEGETAL
PRB,PROCESOS DE BIOSEPARACION
INPI,INGENIERIA DE PROYECTOS
BIAL,BIOTECNOLOG?A ALIMENTARIA
DBA,DESARROLLO DE BIOPRODUCTOS Y ALIMENTOS
BIAM,BIOTECNOLOGIA AMBIENTAL
GEC,GESTION DE CALIDAD
COP,CONTROL PARA BIOPROCESOS
ECP,EVALUACION ECONOMICA DE PROYECTOS
ECG,ECONOMIA GEOGRAFICA
COC,CONTABILIDAD DE COSTOS
INOF,INVESTIGACION DE OPERACIONES
ESA,ESTADISTICA PARA NEGOCIOS
PLF,PLANEACION FISCAL
PREF,PRESUPUESTOS
INPF,INGENIERIA DE PROCESOS
CDIF,CALCULO DIFERENCIAL E INTEGRAL
BDN,BASE DE DATOS PARA NEGOCIOS
EVP,EVALUACION DE PROYECTOS
PLFI,PLANEACION FINANCIERA
LOC,LOGISTICA Y COMERCIALIZACION
ECDF,ECUACIONES DIFERENCIALES
NEI,NEGOCIOS INTELIGENTES
INC,INNOVACION Y CREATIVIDAD
FIC,FINANZAS CORPORATIVAS
SIF,SISTEMA FINANCIERO
ECI,ECONOMIA INTERNACIONAL
ECO,ECONOMETRIA
FIP,FINANZAS PUBLICAS
FII,FINANZAS INTERNACIONALES
MEFI,MERCADOS FINANCIEROS
PII,PORTAFOLIO E INSTRUMENTOS DE INVERSION
DEF,DERECHO FINANCIERO
COR,CONTROL DEL RIESGO
VAE,VALUACION DE EMPRESAS
SFC,SEMINARIO DE FINANZAS
SPI,SEMINARIO DE PROYECTOS DE INVERSION
SMF,SEMINARIO DE MERCADOS FINANCIEROS
ESFI,ESTRATEGIAS FINANCIERAS
ARC,ARQUITECTURA DE COMPUTADORAS
ESD,ESTRUCTURA DE DATOS
PRV,PROGRAMACION VISUAL
ADP,ADMINISTRACION DE PROYECTOS
SIO,SISTEMAS OPERATIVOS
EDA,ESTRUCTURA DE DATOS AVANZADAS
PRW,PROGRAMACION WEB
LEA,LENGUAJES Y AUTOMATAS
INS,INGENIERIA DE SOFTWARE
ANS,ANALISIS DE SISTEMAS
BAD,BASES DE DATOS
GRM,GRAFICACION Y MULTIMEDIA
COI,COMPILADORES E INTERPRETES
INEI,INGENIERIA ECONOMICA
CAS,CALIDAD DEL SOFTWARE
DIS,DISENO DE SISTEMAS
BDD,BASES DE DATOS DISTRIBUIDAS
INAI,INTELIGENCIA ARTIFICIAL
REI,REINGENIERIA
MAS,MANTENIMIENTO DE SISTEMAS
DSC,DESARROLLO DE SISTEMAS CLIENTE/SERVIDOR
DAM,DESARROLLO DE APLICACIONES MOVILES
PLP,PLANEACION DE PROYECTOS
DSI,DESARROLLO DE SISTEMAS INTELIGENTES
AOS,ARQUITECTURAS ORIENTADAS A SERVICIOS
SAI,SEGURIDAD INFORMATICA
ACC,ADMINISTRACION DE CENTROS DE COMPUTO
TEI,TECNOLOGIAS DE LA INFORMACION Y COMUNICACIONES
PRI,PROYECTO DE INVESTIGACION
MAA,MATEMATICAS APLICADAS A LA ADMINISTRACION
PRA,PROCESO ADMINISTRATIVO
ASP,ADMINISTRACION DE SISTEMAS DE INFORMACION
PLE,PLANEACION ESTRATEGICA
MEII,METODOLOGIA DE LA INVESTIGACION
MACI,MACROECONOMIA
ACH,ADMINISTRACION DEL CAPITAL HUMANO
COA,CONTABILIDAD ADMINISTRATIVA
FUM,FUNDAMENTOS DE MERCADOTECNIA
MAFI,MATEMATICAS FINANCIERAS
CDO,COMPORTAMIENTO Y DESARROLLO ORGANIZACIONAL
NEE,NEGOCIACION EMPRESARIAL
INMI,INVESTIGACION DE MERCADOS
DEL,DERECHO LABORAL
MCP,METODOS CUANTITATIVOS Y PRONOSTICOS
ASS,ADMINISTRACION DE SUELDOS Y SALARIOS
ANF,ANALISIS FINANCIERO
MEE,MERCADOTECNIA ESTRATEGICA
TIA,TECNOLOGIAS DE LA INFORMACION APLICADA A LOS NEGOCIOS
ADPI,ADMINISTRACION DE LA PRODUCCION
COIP,COMERCIO INTERNACIONAL
AUA,AUDITORIA ADMINISTRATIVA
COE,COMERCIO ELECTRONICO
CAL,CALIDAD
COFI,CONTRIBUCIONES FISCALES
DHG,SEMINARIO DE HABILIDADES GERENCIALES
FEP,FORMULACION Y EVALUACION DE PROYECTOS DE INVERSION
PLN,DESARROLLO EMPRENDEDOR
LOA,LOGISTICA ADMINISTRATIVA
DES,DESARROLLO SUSTENTABLE
CON,CONSULTORIA
EAP,FUENTES DE FINANCIAMIENTO
TAE,ESTRATEGIAS DE VENTAS
SEI,INGENIERIA DE MARCA
FAT,FISICA APLICADA A LA TERAPIA FISICA
BCMT,BIOLOGIA  MOLECULAR Y CELULAR
APH,ATENCION PREHOSPITALARIA
ITF,INTRODUCCION A LA TERAPIA FISICA
ACP,ANATOMIA CARDIPULMONAR
FBQ,FUNDAMENTOS DE BIOQUIMICA
MTF,METODOS EN TERAPIA FISICA
MIN,METODOLOGIA DE LA INVESTIGACION
AFT,AGENTES FISICOS TERAPEUTICOS
PRC,PROGRAMACION CONCURRENTE
SIC,SISTEMAS CORPORALES
FHU,FISIOLOGIA HUMANA
KIN,KINESIOLOGIA
TTF,TECNICAS EN TERAPIA FISICA
EEP,EVALUACIĖN ECONĖMICA DE PROYECTOS.
VAS,VALORES DEL SER
ING VII,INGL?S VII
ING IX,INGL?S IX
SEIF,SEMINARIO DE INSTRUMENTOS FINANCIEROS
FAN-ES,FUNDAMENTOS DE ANATOMIA
BCM-ES,BIOLOGIA CELULAR Y MOLECULAR
ITF-ES,INTRODUCCION A LA TERAPIA FISICA
MIN - ES,METODOS DE INVESTIGACION
BES,BIOMEC?NICA DE LA EXTREMIDAD SUPERIOR
FPH - ES,FISIOPATOLOGIA HUMANA
VFP - ES,VALORACION DE LA FUNCION ARTICULAR Y LA POSTURA
NUH,NUTRICIĖN HUMANA
NDO,NEURODESARROLLO
VFP,VALORACION DE LA FUNCION ARTICULAR Y POSTURA
IAP,INTRODUCCIĖN A LA PROGRAMACIĖN
NAN,NEUROANATOMIA
FAN,FUNDAMENTOS DE ANATOMIA
FPH,FISIOPATOLOGIA HUMANA
BIMIES,BIOMECANICA DE MIEMBROS INFERIORES
FUA-CV,FUNDAMENTOS DE ANATOMIA
BIV-ES,BIOTECNOLOGIA VEGETAL
FIE,FISIOLOGIA DEL EJERCICIO
POE,PROGRAMACION ORIENTADA A EVENTOS
PPS,PLANEACION DE PROYECTOS DE SOFTWARE
APS,ADMINISTRACION DE PROYECTOS DE SOFTWARE
SII,SISTEMAS DE INFORMACION
ADT,ADMINISTRACION DE TIC
MEN-ES,METODOS NUMERICOS
MENU,METODOS NUMERICOS
ACE,"ANATOMIA DE CABEZA, CUELLO Y EXTREMIDADES"
BIE,BIOESTADISTICA
BEI,BIOMECANICA DE LA EXTREMIDAD INFERIOR
NFI,NEUROFISIOLOGIA
LEN,LEGISLACION Y NORMATIVIDAD EN EL SECTOR SALUD
NHA,NEUROPATOLOGIA HUMANA EN EL ADULTO
DEM,DESARROLLO DE NUEVOS NEGOCIOS
VFM,VALORACION DE LA FUNCION MUSCULAR
CPT,CLINICA PROPEDEUTICA  EN  TERAPIA  FISICA
CFT,CULTURA FISICA TERAPEUTICA
FIT,FUNDAMENTOS  DE IMAGENOLOGIA EN TERAPIA FISICA
ADH,ADMINISTRACION HOSPITALARIA
TNA,TERAPIA FISICA NEUROLOGICA EN ADULTOS
TEA,ESTRATEGIAS DE VENTA
EPA,FUENTES DE FINANCIAMIENTO
,
FBF,FUNDAMENTOS BASICOS DE FARMACOLOGIA
EJFT,EJERCICIOS FUNCIONALES TERAPEUTICOS
TFR,REUMATOLOGIA
TCR,TERAPIA FISICA CARDIORESPIRATORIA
TMA,TERAPIA MANUAL
NHP,NEUROPATOLOGIA HUMANA
COEL,COMERCIO ELECTRONICO
DAMA,DES DE APLICACIONES MOVILES AVANZADAS
DEE,DESARROLLO EMPRENDEDOR
FUQ,FUNDAMENTOS DE QUIMICA
MER,MERCADOTECNIA
MIND,MINERIA DE DATOS
REA,REALIDAD AUMENTADA
REV,REALIDAD VIRTUAL
VIA,VISION ARTIFICIAL
TOP,TERAPIA FISICA EN OBSTETRICIA Y PISO PELVICO
TAM,TERAPIA FISICA EN EL ADULTO MAYOR
TFT,TERAPIA FISICA EN TRAUMATOLOG?A
DFT,DIAGNOSTICO DIFERENCIAL EN TERAPIA FISICA
TDV,TERAPIA FISICA EN EL DEBIL VISUAL
TNP,TERAPIA FISICA NEUROLOGICA EN PEDIATRIA
OYP,ORTESIS Y PROTESIS
PTF,PSICOLOGIA EN TERAPIA FISICA
TFO,TERAPIA FISICA EN ORTOPEDIA
DOC,DOCENCIA
TFQ,TERAPIA FISICA EN QUEMADOS
TFA,TERAPIA FISICA EN AMPUTADOS
CAD,CALCULO DIFERENCIAL
FUF,FUNDAMENTOS DE FISICA
IIB,INTRODUCCION  A LA INGENIERIA BIOMEDICA
ESTEF,ESTADIA TERAPIA FISICA
INB,INSTRUMENTACION BIOMEDICA
CAI,CALCULO INTEGRAL
MEL,MEDICIONES ELECTRICAS
FUE,FUNDAMENTOS DE ELECTRONICA
BIC,BIOQUIMICA CLINICA
AED,APLICACION DE ECUACIONES DIFERENCIALES
PRET,PROGRAMACION ESTRUCTURADA
ELA,ELECTRONICA ANALOGICA
BADA,BASE DE DATOS
POOS,PROGRAMACION ORIENTADA A OBJETOS
ELD,ELECTRONICA DIGITAL
SAB,SENSORES Y ACTUADORES BIOMEDICOS
FISI,FISIOLOGIA
EII,ENTORNO DE INSTRUMENTACION PARA LA INVESTIGACION
MAE,MAQUINAS ELECTRICAS
ELP,ELECTRONICA DE POTENCIA
SEE,SUMINISTRO DE ENERGIA ELECTRICA
SGS,SISTEMAS  DE GESTION EN SALUD
MEM,MANTENIMIENTO DE EQUIPOS MEDICOS
MICR,MICROPROCESADORES
FIM,FISICA MEDICA
SET,SERIES Y TRANSFORMADAS
PIC,PROTOCOLOS E INTERFACES DE COMUNICACION
SIS,SISTEMAS DE CONTROL
MTI,METODOS Y TECNICAS DE INVESTIGACION
BII,BIOINSTRUMENTACION
DSB,DESARROLLO DE SISTEMAS BIOMEDICOS
APT,BIOMECANICA
SEN,SEGURIDAD Y NORMAS
PSB,PROCESAMIENTO DE SEŠALES BIOMEDICAS
DIP,DISPOSITIVOS PROGRAMABLES
IMA,IMAGINOLOGIA
ISB,INTEGRACION DE SISTEMAS BIOMEDICOS
SES,SERVICIO SOCIAL
CAIN,CALCULO INTEGRAL
MENB,METODOS NUMERICOS
EBIMI,ESTANCIA BIOMEDICA I
ESTTF,ESTADIAS TERAPIA FISICA
ESTF,ESTADIA  DE TERAPIA FISICA
TERAESTA,TERAPIA FISICA ESTADIA
ING1,INGL?S I
EOE1,EXPRESIĖN ORAL Y ESCRITA
QBI,QUIMICA BASICA SOFTWARE
ALLS,ALGEBRA LINEAL SOFTWARE
FUNC,FUNDAMENTOS DE COMPUTACION
ALGO,ALGORITMOS
MADI,MATEMATICAS DISCRETAS
QUB1,QU?MICA B?SICA
ALL1,?LGEBRA LINEAL
QUO1,QUIMICA ORGANICA
DES1,DESARROLLO SUSTENTABLE
BIT1,BIOTECNOLOG?A
EBIMII,ESTANCIA II
ING2,INGL?S II
DHV,DESARROLLO HUMANO Y VALORES
FMAT,FUNCIONES MATEM?TICAS
PRE1,PROBABILIDAD Y ESTAD?STICA
QUI1,QU?MICA INORG?NICA
BIOL,BIOLOG?A
BIOQ1,BIOQU?MICA
ESDA,ESTRUCTURA DE DATOS
FBD,FUNDAMENTOS DE BASES DE DATOS
FRED,FUNDAMENTOS DE REDES
FURE,FUNDAMENTOS DE REDES
PROO,PROGRAMACION ORIENTADA A OBJETOS
ASE,ASESORIA
BIYB,BIOMATERIALES Y BIOSENSORES
FISO,FISIOLOGIA
PRIM,PROCESAMIENTO DE IMAGENES
DAC,DISEŠO ASISTIDO POR COMPUTADORA
FISIC,FISICA
ING3,INGL?S III
IEMC,INTELIGENCIA EMOCIONAL Y MANEJO DE CONFLICTOS
CALCDIF,C?LCULO DIFERENCIAL
FIS1,F?SICA
QUA1,QU?MICA ANAL?TICA
TER1,TERMODIN?MICA
ANBP,AN?LISIS DE BIOPRODUCTOS
FMB,FUNDAMENTOS DE MICROBIOLOG?A
ARH,ADMINISTRACION DE RECURSOS HOSPITALARIOS
INCR,INGENIER?A CLINICA
INVB,INVESTIGACION BIOMEDICA
CADI,CALCULO DIFERENCIAL
ELME,ELECTRICIDAD Y MAGNETISMO
BASD,BASES DE DATOS
PRVI,PROGRAMACION VISUAL
EDAA,ESTRUCTURA DE DATOS AVANZADAS
PDD,PROCESOS DEL DESARROLLO DE SOFTWARE
NAI,NEUROANATOMIA
BME1,BALANCE DE MATERIA Y ENERG?A
BCAT,BIOCAT?LISIS
CINTEG,C?LCULO INTEGRAL
FISQUIM,FISICOQU?MICA
HCC,HABILIDADES COGNITIVAS Y CREATIVIDAD
ING4,INGL?S 4
EBIO1,ESTANCIA 1
ING5,INGL?S 5
ETCPROF,?TICA PROFESIONAL
MATING1,MATEM?TICAS PARA INGENIER?A I
MICAVAN,MICROBIOLOG?A AVANZADA
FUBIOPRO,FUNDAMENTOS DE BIOPROCESOS
FTRANSP,FENĖMENOS DE TRANSPORTE
BIOMOLEC,BIOLOG?A MOLECULAR
CTREST,CONTROL ESTAD?STICO
ING6,INGL?S VI
HGER,HABILIDADES GERENCIALES
MATING2,MATEM?TICAS PARA INGENIER?A II
OPUNIT,OPERACIONES UNITARIAS
INBIOR,INGENIER?A DE BIORREACTORES
INGEN,INGENIER?A GEN?TICA
ING7,INGL?S VII
LEAD,LIDERAZGO DE EQUIPOS DE ALTO DESPEMPEŠO
BIOINF,BIOINFORM?TICA
INBPROC,INGENIER?A DE BIOPROCESOS
INGPROY,INGENIER?A DE PROYECTOS
EBIO2,ESTANCIA II
ING8,INGL?S VIII
BIOHIG,BIOSEGURIDAD E HIGIENE
COBPRO,CONTROL DE BIOPROCESOS
METBOL,METABOLĖMICA
CTRCAL,CONTROL DE CALIDAD
BAMB,BIOTECNOLOG?A AMBIENTAL
BAGRO,BIOTECNOLOG?A AGROPECUARIA
ING9,INGL?S IX
FISING,F?SICA PARA INGENIER?A
MEJBPR,MEJORA DE BIOPROCESOS
BALIM,BIOTECNOLOG?A EN ALIMENTOS
BMFAR,BIOTECNOLOG?A M?DICO-FARMAC?UTICA
GESPRY,GESTIĖN DE PROYECTOS
EOE2,EXPRESIĖN ORAL Y ESCRITA II
ESBIO1,ESTAD?A
APSB,APLICACIONES EN PROCESAMIENTO DE SEŠALES BIOMEDICAS
TEL,TELEMEDICINA
PROW,PROGRAMACIĖN WEB
ISAC,INGENIER?A DE SOFTWARE ASISTIDA POR COMPUTADORA
IRS,INGENIER?A DE REQUERIMIENTOS DE SOFTWARE
EEIS,EXPRESION ORAL Y ESCRITA I
ESBIM,ESTADIA BIOMEDICA
ALLC,?LGEBRA LINEAL
BDSC,BIOTECNOLOG?A Y DESARROLLO SUSTENTABLE
EOYEC,EXPRESIĖN ORAL Y ESCRITA
FPIC,F?SICA PARA INGENIER?A
ING1C,INGL?S I
QUBC,QU?MICA B?SICA
QUOC,QU?MICA ORG?NICA
INMA,INTRODUCCION A LAS MATEMATICAS
INCO,INTRODUCCION A LA CONTABILIDAD
MALO,MARCO LEGAL DE LAS ORGANIZACIONES
PRWE,PROGRAMACION WEB
LOP,LĖGICA DE LA PROGRAMACIĖN
ING2C,INGL?S II
DHVC,DESARROLLO HUMANO Y VALORES
FMATC,FUNCIONES MATEM?TICAS
PREC,PROBABILIDAD Y ESTAD?STICA
QUIC,QU?MICA INORG?NICA
BIOLC,BIOLOG?A
QUAC,QU?MICA ANAL?TICA
COT,COTABILIDAD
DM,DERECHO MERCANTIL
SIOR,SISTEMAS DE INFORMACION EN LAS ORGANIZACIONES
ETPR,ETICA PROFESIONAL
MUDD,MULTIMEDIA Y DISEŠO DIGITAL
PRCS,PROGRAMACION CLIENTE SERVIDOR
ARS,ARQUITECTURA DE SOFTWARE
EST1SOF,ESTANCIA I
PROB,PROGRAMACION ORIENTADA A OBJETOS
MACF,MACROECONOMIA
ING3C,INGL?S III
IEMCC,INTELIGENCIA EMOCIONAL Y MANEJO DE CONFLICTOS
CALCDIFC,C?LCULO DIFERENCIAL
FMBC,FUNDAMENTOS DE MICROBIOLOG?A
BIOQ1C,BIOQU?MICA
TER1C,TERMODIN?MICA
ANBPC,AN?LISIS DE BIOPRODUCTOS
ING4C,INGL?S IV
HCCC,HABILIDADES COGNITIVAS Y CREATIVIDAD
CINTEGC,C?LCULO INTEGRAL
BME1C,BALANCE DE MATERIA Y ENERG?A
MICAVANC,MICROBIOLOG?A AVANZADA
FISQUIMC,FISICOQU?MICA
EBIO1C,ESTANCIA 1
ING5C,INGL?S V
ETCPROFC,?TICA PROFESIONAL
MATING1C,MATEM?TICAS PARA INGENIER?A I
BCATC,BIOCAT?LISIS
FUBIOPROC,FUNDAMENTOS DE BIOPROCESOS
FTRANSPC,FENĖMENOS DE TRANSPORTE
BIOMOLECC,BIOLOG?A MOLECULAR
ING6C,INGL?S VI
HGERC,HABILIDADES GERENCIALES
MATING2C,MATEM?TICAS PARA INGENIER?A II
OPUNITC,OPERACIONES UNITARIAS
INBIORC,INGENIER?A DE BIORREACTORES
CTRESTC,CONTROL ESTAD?STICO
INGENC,INGENIER?A GEN?TICA
ING7C,INGL?S VII
LEADC,LIDERAZGO DE EQUIPOS DE ALTO DESEMPEŠO
BIOINFC,BIOINFORM?TICA
INBPROCC,INGENIER?A DE BIOPROCESOS
INGPROYC,INGENIER?A DE PROYECTOS
EBIO2C,ESTANCIA II
ING8C,INGL?S VIII
BIOHIGC,BIOSEGURIDAD E HIGIENE
COBPROC,CONTROL DE BIOPROCESOS
METBOLC,METABOLĖMICA
CTRCALC,CONTROL DE CALIDAD
BAMBC,BIOTECNOLOG?A AMBIENTAL
BAGROC,BIOTECNOLOG?A AGROPECUARIA
ING9C,INGL?S IX
MEJBPRC,MEJORA DE BIOPROCESOS
BALIMC,BIOTECNOLOG?A EN ALIMENTOS
BMFARC,BIOTECNOLOG?A M?DICO-FARMAC?UTICA
GESPRYC,GESTIĖN DE PROYECTOS
EOE2C,EXPRESIĖN ORAL Y ESCRITA II
ESBIO1C,ESTAD?A
MING,MATEMATICAS PARA INGENIERIA 1
PEO,PLANEACION ESTRATEGICA EN LAS ORGANIZACIONES
INGIIIG,INGLES III
PREG,PROBABILIDAD Y ESTADISTICA
COAG,CONTABILIDAD ADMINISTRATIVA
ECAG,ECONOMIA DE LA EMPRESA
MEIG,METODOLOGIA DE LA INVESTIGACION
ECEG,ECONOMIA DE LA EMPRESA
ECEM,ECONOMIA DE LA EMPRESA
DIIN,DISEŠO DE INTERFACES
SIDI,SISTEMAS DIGITALES
LEYA,LENGUAJES Y AUTOMATAS
CASO,CALIDAD DEL SOFTWARE
SMATINGII,MATEMATICAS PARA INGENIER?A II
AGTH,ADMINISTRACIĖN Y GESTIĖN DEL TALENTO HUMANO
CCP,CONTABILIDAD DE COSTOS DE LA PRODUCCION
AEC,AGREGADOS ECONOMICOS
PRSO,PRUEBAS DEL SOFTWARE
COIN,COMPILADORES E INTERPRETES
EST2SOF,ESTANCIA 2 SOFTWARE
PREST,PROBABILIDAD Y ESTAD?STICA SOFTWARE
EOEB,EXPRESIĖN ORAL Y ESCRITA BIOMEDICA
INTB,INTRODUCCION A LA INGENIER?A BIOM?DICA
QBB,QUIMICA BASICA BIOMEDICA
FISB,FISICA BIOMEDICA
FUMAB,FUNCIONES MATEMATICAS BIOMEDICA
ESFINI,ESTANCIA I FINANCIERA
HGN,HABILIDADES GERENCIALES
MAFG,MATEMATICAS FINANCIERAS
CDE,COMPORTAMIENTO Y DESARROLLO EMPRESARIAL
CCS,CONTABILIDAD DE COSTOS -SERVICIOS
INMG,INVESTIGACION DE MERCADOS
LLG,LEGISLACION LABORAL
PRT,PRESUPUESTOS
INPR,INGENIERIA DE PROCESOS
INGP,INGENIERIA DE PROCESOS
CDINT,CALCULO DIFERENCIAL E INTEGRAL
BDNF,BASE DE DATOS PARA NEGOCIOS
DFF,DERECHO FISCAL
CLI1,CLINICA 1
ANAT,ANATOMIA
TEHA,TECNOLOG?A HOSPITALARIA AMBIENTAL
INCL,INGENIER?A CL?NICA
ALLI,?LGEBRA LINEAL
INAR,INTELIGENCIA ARTIFICIAL
ANFI,ANALISIS FINANCIERO DE SOFTWARE
ARCO,ARQUITECTURA DE COMPUTADORAS
MASO,MANTENIMIENTO DE SOFTWARE
PRCO,PROGRAMACION CONCURRENTE
PROMO1,PROGRAMACION PARA MOVILES I
INI1,INTRODUCCION A LA INGENIERIA
ADC,ADMINISTRACION DE LA CALIDAD
PROMO2,PROGRAMACION PARA MĖVILES 2
MIDA,MINERIA DE DATOS 2018
PRYE,PROBABILIDAD Y ESTADISTICA
PRIE,PRINCIPIOS DE ELECTRONICA
ADRH,ADMINISTRACION DE RECURSOS HOSPITALARIOS
FISIO,FISIOLOGIA
SEIN,SEGURIDAD DE LA INFORMACION
AOSE,ARQUITECTURA ORIENTADA A SERVICIOS
EOYES2,EXPRESION ORAL Y ESCRITA 2
CLI2,CLINICA 2
ESFINII,ESTANCIASII
INEM,INOVACION Y EMPRENDIMIENTO
SUS,SUSTENTABILIDAD
ESTGEII,ESTANCIAS II
CIBM,CALCULO INTEGRAL
ELAN,ELECTRONICA ANALOGICA
EYPM,ESTRUCTURA Y PROPIEDADES DE LOS MATERIALES
FIPI,FISICA PARA INGENIERIA
ESSOFT,ESTAD?A
FIPII,FINANZAS PUBLICAS
NDE,NEGOCIACION Y TOMA DE DECISIONES EMPRESARIALES
EMP,EMPRENDIMIENTO
AUAG,AUDITORIA ADMINISTRATIVA
FOP,FORMULACION DE PROYECTOS
LOAD,LOGISTICA ADMINISTRATIVA
RSE,RESPONSABILIDAD SOCIAL EMPRESARIAL
ARE,ADMINISTRACION DE REDES EMPRESARIALES
CONS,CONSULTORIA
GEMG,GESTION DE MARCA
EOYECII,EXPRESION ORAL Y ESCRITA II
GEP,GESTION Y EVALUACION DE PROYECTOS
CMI,COMERCIALIZACION INTERNACIONAL
ESTDGE,ESTADIAS
FINTII,FINANZAS INTERNACIONALES
MFSII,MERCADOS FINANCIEROS
PEIDI,PORTAFOLIOS E INSTRUMENTOS DE INVERSION
DBYB,DERECHO BANCARIO Y BURSATIL
CORII,CONTROL DE RIESGO
EPMA,ESTRUCTURA Y PROPIEDADES DE LOS MATERIALES
ELDI,ELECTRONICA DIGITAL
POBJ,PROGRAMACION ORIENTADA A OBJETOS
SEACB,SENSORES Y ACTUADORES BIOMEDICOS
SYACB,SENSORES Y ACTUADORES BIOMEDICOS
SUEE,SUMINISTRO DE ENERG?A EL?CTRICA
MAI01,MATEMATICAS PARA INGENIER?A I
INGIX-TR,INGLES IX
VDE,VALUACIĖN DE EMPRESAS
CME,CONSTRUCCION DE MODELOS Y ESCENARIOS FINANCIEROS
SIFI,SIMULACIĖN FINANCIERA
TSF,TEMAS SELECTOS DE INNOVACIĖN FINANCIERA
TAMF,TECNOLOG?A APLICADA A LOS MERCADOS FINANCIEROS
ESTFI,ESTRATEGIAS FINANCIERAS
MING2B,MATEMATICAS PARA INGENIERIA 2
MATI2,MATEMATICAS PARA INGENIER?A 2
EDP,ELECTRĖNICA DE POTENCIA
MEME,MANTENIMIENTO DE EQUIPOS M?DICOS
BASDAT,BASES DE DATOS
ESTBM1,ESTANCIA I BIOMEDICA
GEPB,GESTIĖN DE PROYECTOS
BINS,BIOINSTRUMENTACIĖN
OP1B,BIOMEC?NICA
MICB,MICROCONTROLADORES
ESTII,ESTANCIA II
INBVII,INGL?S VII
FMED,F?SICA M?DICA
ESFIN2,ESTADIA PROFESIONAL ASOCIADO
INGIIIBM,INGLES II
IEMOIBM,INTELIGENCIA EMOCIONAL Y MANEJO DE CONFLICTOS
ALINIBM,ALGEBRA LINEAL
ING8BM,INGLES VIII
DESIBM,DESARROLLO DE SISTEMAS BIOMEDICOS
PROSIBM,PROCESAMIENTO DE SEŠALES BIOMEDICAS
PROTOIBM,PROTOCOLOS E INTERFACES DE COMUNICACION
OP2B,TELESALUD
DISPROIBM,DISPOSITIVOS PROGRAMABLES
DISASTC,DISEŠO ASISTIDO POR COMPUTADORA
ISBB,INTEGRACIĖN DE SISTEMAS BIOM?DICOS
INGIXIBM,INGLES IX
APSBB,APLICACIĖN DEL PROCESAMIENTO DE SEŠALES BIOM?DICAS
METRO,METROLOG?A
PRIMG,PROCESAMIENTO DE IM?GENES
INGEC,INGENIER?A ECONĖMICA
OYEII,EXPRESIĖN ORAL Y ESCRITA II
CVAS,INTELIGENCIA EMOCIONAL
CINGI,INGLES I
CFAN,FUNDAMENTOS DE ANATOMIA
CBCM,BIOLOGIA  CELULAR Y MOLECULAR
CFAT,FISICA APLICADA A LA TERAPIA FISICA
CITF,INTRODUCCION A LA TERAPIA FISICA
GYE,GENETICA Y EMBRIOLOGIA
CGYE,GEN?TICA Y EMBRIOLOG?A
ESTIBMB,ESTADIA
INGIIC,INGLES II
INEC,INTELIGENCIA EMOCIONAL
ACEC,ANATOMIA DE CABEZA CUELLO Y EXTREMIDADES
SICC,ANATOMIA DE SISTEMAS
FBQC,FUNDAMENTOS DE BIOQUIMICA
NANC,NeuroanatomŻa
LAHC,LEGISLACION Y ADMINISTRACION HOSPITALARIA
DEIC,DESARROLLO INTERPERSONAL
INGIIIC,INGLES III
NFIC,NEUROFISIOLOGIA
INGIVC,INGLES IV
BESC,BIOMECANICA DE LA EXTREMIDAD SUPERIOR
CPTC,CLINICA PROPEDEUTICA EN TERAPIA FISICA
EDSC,EDUCACION SANITARIA
INGVC,INGLES V
HAOC,HABILIDADES ORGANIZACIONALES
FIEC,FISIOLOGIA DEL EJERCICIO
BEIC,BIOMECANICA DE LA EXTREMIDAD INFERIOR
APHC,ATENCION PREHOSPITALARIA
NHPC,NEUROPATOLOGIA HUMANA EN PEDIATRIA
AFTIC,AGENTES FISICOS TERAPEUTICOS